ts	phase	decision	why	evidence	result
2026-10-03T22:52:13Z	start	began the beyond-him program: delete check-then-run, unify fields, catch-up PRs, plugin-backed suggest and selection capture	user approved steps 1-3 and the deletion on 2026-10-04	this chat	open
2026-10-03T22:52:13Z	plan	run the Feature playbook per PR instead of the multi-phase plan playbook	user already gave the go and each unit is small; a ten-lane swarm per PR is out of proportion for a 2k-line extension	poteto-mode SKILL.md playbooks section	open
2026-10-03T22:52:13Z	pr1	skipped the architect arena; sketched the FieldSpec union myself	the shape is fixed by the wire FormField and Raycast's six form controls, so a second structurally distinct candidate does not exist	.audit/pr1-brief.md	open
2026-10-03T22:58:10Z	pr1	spawned the PR1 owner in its own worktree and the plugin suggest owner in the quickadd repo, in parallel	different repos, no shared files	.audit/pr1-brief.md .audit/plugin-suggest-brief.md	running
2026-10-03T23:03:37Z	pr3	dropped the Save Clipboard Image command from the plan	read the plugin handler: quickadd:save-clipboard-image writes a fixed one-pixel PNG, it is a verification hook, not a real clipboard save	quickadd/src/cli/saveClipboardImageCli.ts:20-70	dropped
2026-10-03T23:10:05Z	plugin	accepted the suggest owner's calls: alias items carry text 'Path|Alias' as Obsidian inserts, excluded files sort last instead of being dropped (Obsidian demotes them), unresolved targets dropped	matches what the live Obsidian 1.14.3 suggester does; unresolved links are a rare capture target and would need an optional path	agent message in chat	accepted
2026-10-03T23:25:28Z	plugin	reviewed the suggest diff myself and opened the plugin PR as a draft	75-line handler behind a stubbable adapter, seven mutation-checked tests, live output matched the contract	https://github.com/chhoumann/quickadd/pull/2175	PR open, draft
2026-10-04T00:06:17Z	pr1	accepted PR1 on protocol-script and unit evidence; deferred the Raycast pixel check to after PR2c	the vault preference is not scriptable and points at the user's real vault; PR2c adds vaultPath to deeplink context, which makes the e2e vault reachable without touching preferences	branch one-run-path 30fdd89; scripts/e2e-protocol.mts	unit+protocol green, pixels open
2026-10-04T00:06:17Z	pr1	reviewed fields.ts and form-field.tsx myself	one union parsed at the boundary, one switch, mutation-checked tests; no changes requested	wt/pr1-one-run-path src/lib/fields.ts src/form-field.tsx	accepted
2026-10-04T00:07:01Z	pr1	opened PR1 as a draft against main	stack root; pixels still pending, stated in the body	https://github.com/chhoumann/raycast-quickadd/pull/2	draft open
2026-10-04T00:07:01Z	pr2	spawned the PR2 owner on session-hardening then vault-discovery, stacked on one-run-path	serialized on the same files; the brief carries the keystroke guard and the PR1 pixel checks	.audit/pr2-brief.md	running
2026-10-04T00:36:35Z	pr2	did the e2e vault registry swap myself after the delegate's permission checks denied close/register/remove	user granted full authority over e2e vaults in chat; two vaults sharing one name made CLI routing ambiguous, so I closed every e2e window first and sent the vault-remove/vault-open IPC from the dev vault renderer (an app-level call that does not touch the dev vault)	obsidian.json now lists only wt/pr2/e2e-vault; quickadd:list ok count 11	done
2026-10-04T00:58:30Z	pr2	accepted PR2 after reading interactive.ts, vaults.ts and four screenshots; opened both stacked drafts	one state value for the run, injected deps for the readiness loop, 44 tests, protocol 12/12, live launch and picker captures; cancel/escape and inline errors still need a hands-on Raycast pass	https://github.com/chhoumann/raycast-quickadd/pull/3 https://github.com/chhoumann/raycast-quickadd/pull/4 /tmp/pr2/*.png	drafts open
2026-10-04T00:58:30Z	pr3	spawned the PR3 owner on link-completion then capture-selection, stacked on vault-discovery	serialized on form-field.tsx; brief carries the window-count keystroke guard since Raycast is never frontmost	.audit/pr3-brief.md	running
2026-10-04T01:01:47Z	ship	user asked to ready+merge the extension drafts with an astra review, and to ready, babysit and merge the plugin PR	astra resolved to the gpt-6-astra Codex model in ~/.codex/config.toml; dispatched a read-only review of PRs 2-4 to it; marked quickadd#2175 ready (all 12 checks green, Codex and CodeRabbit bot reviews now running) and started watching it	delegate task astra-review-ext-stack-round1; https://github.com/chhoumann/quickadd/pull/2175	running
2026-10-04T01:05:46Z	review	accepted all six astra findings on PRs 2-4 and dispatched one fixer across the stack	each had a concrete failing scenario; two were reproduced with an injected transport; none are nits	.audit/fix-round1-brief.md	running
2026-10-04T01:13:20Z	plugin	merged quickadd#2175 by squash after adding the source flag both bots asked for	six required checks green on 99474fe, threads resolved, Codex review complete; CodeRabbit's non-required status was the only pending item	https://github.com/chhoumann/quickadd/pull/2175 merge 1ae4ca31	merged
2026-10-04T01:13:20Z	review	fix round 1 landed: six commits across the stack, each with a failing-then-passing test; stack rebased linear and force-pushed with lease; sent astra round 2	spot-checked the abort fix diff myself: one end() path for cancel and client transport failure, server errors still no abort	heads 352c109 b0a1107 379cd1e	running
2026-10-04T01:22:34Z	review	fix round 2 landed (multi default longest-match, reply non-2xx fails and aborts, prepareVault catch-all); sent astra round 3	accepted the catch-all at the readiness boundary over a component catch: one place, both callers; loading-forever is worse than a generic error message	heads eb11ee9 b8f92f3 ce79c4c	running
2026-10-04T01:27:56Z	ship	merged PRs 2, 3, 4 into main by squash after astra round 3 said merge as is for all three	mistake on the way: --delete-branch on PR 2 removed the base of PR 3 and GitHub auto-closed it; restored the branch, reopened, retargeted, rebased each upper branch onto main in a throwaway worktree before merging	main df0662a df01996 f3d275e	merged
2026-10-04T01:39:51Z	pr3	accepted PR3 after reading completion.ts, capture.ts, suggest.ts, the pickers and two screenshots; opened drafts 5 and 6 and sent them to astra	pure trigger module with mutation-checked tests, one capture module for both commands, live proof via AX reads and the vault file; open question on the trailing space after an inserted tag	https://github.com/chhoumann/raycast-quickadd/pull/5 https://github.com/chhoumann/raycast-quickadd/pull/6 /tmp/pr3/*.png	drafts open
2026-10-04T01:45:04Z	ship	fixed astra's three PR5 items myself (keywords, current-line [[ guard, no trailing space on tags) and merged PRs 5 and 6	each fix was a line or two with a test that fails without it; PR6 was merge-as-is	main 8da97777 then PR6 merge	merged
2026-10-04T01:47:09Z	cleanup	moved the registered e2e vault to the main checkout with a QuickAdd master bundle and removed the pr2/pr3 worktrees	all stack branches are merged; one vault, one place	obsidian.json lists only raycast-quickadd/e2e-vault; quickadd:list 11, suggest ok	done
2026-10-04T01:47:25Z	pr4	spawned the store-readiness owner with the seven owed hands-on Raycast checks folded into its screenshot session	one keystroke window instead of two; the e2e vault and the installed dev build are single resources	.audit/pr4-brief.md	running
2026-10-04T02:13:36Z	pr4	PR4 open as draft #8 with CI green; six of seven hands-on checks seen, Escape does not abort (issue #7); sent to astra	inspected quickadd-2.png and check1-required.png myself; CI clears CI= for ray lint only, commented	https://github.com/chhoumann/raycast-quickadd/pull/8 https://github.com/chhoumann/raycast-quickadd/issues/7 /tmp/pr4/*.png	draft open
2026-10-04T02:16:06Z	pr4	merged PR 8 after astra said merge as is; folded its two README nits first	CI green on the final head; the CI= trick only skips the npm lockfile validator, verified by astra reading ray lint	https://github.com/chhoumann/raycast-quickadd/pull/8	merged
2026-10-04T08:52:59Z	escape	root-caused issue 7: Raycast closes the poll socket within 0.7s of Escape but the plugin server only drops the waiter and waits for the 75s watchdog; fix goes in the plugin as a 3s disconnect grace on parked-poll socket close	measured with lsof during a live Escape on the Slow macro; the Raycast backend node process stays alive, so client-side cleanup cannot be relied on	transcript lsof output at t+0.7s; .audit/plugin-disconnect-brief.md	fix running
2026-10-04T08:52:59Z	author	opened PR 9 setting the Raycast author to christian_bager_bach_houmann	user gave the username; old deeplinks and Quicklinks break, stated in the PR body	https://github.com/chhoumann/raycast-quickadd/pull/9	open
2026-10-04T09:03:46Z	escape	reviewed the disconnect-grace diff, proved it end to end from Raycast (abort 4.2s after Escape), opened quickadd#2181 ready and started watching it	root cause fixed where it lives; the extension needs no change	https://github.com/chhoumann/quickadd/pull/2181 issue 7 comment	PR open, watching
2026-10-04T10:35:14Z	escape	merged quickadd#2181 by squash	six required checks green, Codex review complete with no findings, no threads; CodeRabbit and Devin statuses are non-required	https://github.com/chhoumann/quickadd/pull/2181	merged
2026-10-05T18:56:31Z	phase2	built and installed main (6cc7c9f) into Raycast; launched four Opus 5.5 high workers as T3 child tasks in their own worktrees: polish, pin-with-argument, capture-clipboard, plugin option-list labels	t3_thread_launch is denied from an auto-mode thread, so delegate_task was the closest to the user's ask for separate threads; main checkout lacked vitest in node_modules, fixed by pnpm install	.audit/shared-setup.md .audit/thread-*-brief.md	running
2026-10-05T19:03:14Z	phase2	merged PR 11 Capture Clipboard; live toast unverified because the worker's keystrokes left Raycast; replaced the keystroke guard with a CGWindowList on-screen check and steered the two running workers	16-line command mirroring the verified Capture Selection path; the guard failure is the third of its kind so it is now a script, not a sentence	https://github.com/chhoumann/raycast-quickadd/pull/11 /tmp/raycast-guard.sh	merged
2026-10-05T19:12:24Z	phase2	merged PR 12 pin-with-argument	json-stringify placeholder inside the URL-encoded context, proven live with a hostile argument landing byte for byte; percent-encode variant was tried and rejected because Raycast encodes again	https://github.com/chhoumann/raycast-quickadd/pull/12 /tmp/pin-argument/14-hud-crop.png	merged
2026-10-05T19:23:01Z	phase2	merged quickadd#2189 option-list labels	one 21-line change in the collector feeds both forms; four of five tests fail on master; CodeRabbit no actionable comments, Codex did not post	https://github.com/chhoumann/quickadd/pull/2189	merged
2026-10-05T19:27:22Z	phase2	merged PR 13 polish and reinstalled main into Raycast	needs-2.31 mapping matches the CLI's real wording (checked against a bogus command); number field made controlled because Raycast clears uncontrolled fields on error re-render	https://github.com/chhoumann/raycast-quickadd/pull/13	merged
2026-10-05T20:26:18Z	readme	launched the README rewrite as a Fable 5.1 child task with a demo vault for pictures	t3_thread_launch still denied in auto mode; a demo vault avoids test-case names in store-facing screenshots	.audit/thread-readme-brief.md	running
2026-10-05T20:59:49Z	docs	launched the QuickAdd docs page for the Raycast extension as a Fable 5.1 child task	new Advanced page plus sidebar entry and two cross-links; reuses the committed store screenshots so it does not depend on the README thread	.audit/thread-quickadd-docs-brief.md	running
2026-10-05T21:23:43Z	readme	merged PR 14 README rewrite after reading the text and all images; dropped one wrong picture (root search showing duplicate dev commands) and reworded the author line to first person	every other image matched its caption; the author line came from my own brief	https://github.com/chhoumann/raycast-quickadd/pull/14	merged
2026-10-05T21:35:14Z	docs	merged quickadd#2190 docs page after applying two bot fixes, dismissing the Escape-row one with the lsof evidence, swapping in demo-vault pictures and sentence-casing the sidebar label	page text read in full; rendered page inspected	https://github.com/chhoumann/quickadd/pull/2190	merged
